{
  "id": "integrate-ai-gimme-a-hook",
  "title": "Integrate AI: Gimme a Hook",
  "version": "1.0.0",
  "compatibility": {
    "minimum": "13",
    "verified": "13"
  },
  "authors": [
    {
      "name": "SirNiloc",
      "email": "sirniloc@ravn-quest.com",
      "url": "www.ravn-quest.com",
      "discord": "sirniloc",
      "flags": {}
    }
  ],
  "flags": {
    "canUpload": true
  },
  "relationships": {
    "requires": [
      {
        "id": "integrate-ai",
        "type": "module",
        "compatibility": {}
      }
    ]
  },
  "scripts": [
    "scripts/GimmeAHook.js"
  ],
  "manifest": "https://github.com/SirNiloc/integrate-ai-gimme-a-hook/releases/download/1.0.0/module.json",
  "download": "https://github.com/SirNiloc/integrate-ai-gimme-a-hook/releases/download/1.0.0/module.zip",
  "description": ""
}